Chemical,Monitor,Date Time ,Reading
Chlorodinine,1,4/1/16 19:00,0.0420393
Chlorodinine,1,4/2/16 19:00,0.346854
Chlorodinine,1,4/3/16 19:00,0.226322
Chlorodinine,1,4/4/16 19:00,0.266141
Chlorodinine,1,4/5/16 19:00,0.243901
Chlorodinine,1,4/6/16 19:00,0.0239764
Chlorodinine,1,4/7/16 19:00,0.255643
Chlorodinine,1,4/8/16 19:00,0.376114
Chlorodinine,1,4/9/16 19:00,0.340223
Chlorodinine,1,4/10/16 19:00,0.0887946
Chlorodinine,1,4/11/16 19:00,0.15773
Chlorodinine,1,4/12/16 19:00,0.240412
Chlorodinine,1,4/13/16 19:00,0.091998
Chlorodinine,1,4/14/16 19:00,0.163344
Chlorodinine,1,4/15/16 19:00,0.436254
Chlorodinine,1,4/16/16 19:00,0.0426647
Chlorodinine,1,4/17/16 19:00,0.275131
Chlorodinine,1,4/18/16 19:00,0.139049
Chlorodinine,1,4/19/16 19:00,0.510444
Chlorodinine,1,4/20/16 19:00,0.207368
Chlorodinine,1,4/21/16 19:00,0.256216
Chlorodinine,1,4/22/16 19:00,0.319203
Chlorodinine,1,4/23/16 19:00,0.273352
Chlorodinine,1,4/24/16 19:00,0.0796984
Chlorodinine,1,4/25/16 19:00,0.630307
Chlorodinine,1,4/26/16 19:00,0.0727685
Chlorodinine,1,4/27/16 19:00,0.441183
Chlorodinine,1,4/28/16 19:00,0.0891906
Chlorodinine,1,4/29/16 19:00,0.232246
Chlorodinine,1,4/30/16 19:00,0.177747
Chlorodinine,1,8/1/16 19:00,0.132468
Chlorodinine,1,8/2/16 19:00,0.247654
Chlorodinine,1,8/3/16 19:00,0.394714
Chlorodinine,1,8/4/16 19:00,0.254531
Chlorodinine,1,8/5/16 19:00,0.0157458
Chlorodinine,1,8/6/16 19:00,0.248489
Chlorodinine,1,8/7/16 19:00,0.0436382
Chlorodinine,1,8/8/16 19:00,0.495372
Chlorodinine,1,8/9/16 19:00,0.469853
Chlorodinine,1,8/10/16 19:00,0.0659318
Chlorodinine,1,8/11/16 19:00,0.0964677
Chlorodinine,1,8/12/16 19:00,0.23678
Chlorodinine,1,8/13/16 19:00,0.32133
Chlorodinine,1,8/14/16 19:00,0.244669
Chlorodinine,1,8/15/16 19:00,0.0238903
Chlorodinine,1,8/16/16 19:00,0.195417
Chlorodinine,1,8/17/16 19:00,0.541915
Chlorodinine,1,8/18/16 19:00,0.588218
Chlorodinine,1,8/19/16 19:00,0.010935
Chlorodinine,1,8/20/16 19:00,0.0526844
Chlorodinine,1,8/21/16 19:00,0.0131087
Chlorodinine,1,8/22/16 19:00,0.538534
Chlorodinine,1,8/23/16 19:00,0.447705
Chlorodinine,1,8/24/16 19:00,0.117144
Chlorodinine,1,8/25/16 19:00,0.395526
Chlorodinine,1,8/26/16 19:00,0.0839752
Chlorodinine,1,8/27/16 19:00,0.477822
Chlorodinine,1,8/28/16 19:00,0.130244
Chlorodinine,1,8/29/16 19:00,0.240787
Chlorodinine,1,8/30/16 19:00,0.445383
Chlorodinine,1,8/31/16 19:00,0.346995
Chlorodinine,1,12/1/16 19:00,0.407734
Chlorodinine,1,12/2/16 19:00,0.0524525
Chlorodinine,1,12/3/16 19:00,0.302258
Chlorodinine,1,12/4/16 19:00,0.4143
Chlorodinine,1,12/5/16 19:00,0.410482
Chlorodinine,1,12/6/16 19:00,0.251251
Chlorodinine,1,12/7/16 19:00,0.310239
Chlorodinine,1,12/8/16 19:00,0.545193
Chlorodinine,1,12/9/16 19:00,0.146548
Chlorodinine,1,12/10/16 19:00,0.337963
Chlorodinine,1,12/11/16 19:00,0.494872
Chlorodinine,1,12/12/16 19:00,0.56796
Chlorodinine,1,12/13/16 19:00,0.0943289
Chlorodinine,1,12/14/16 19:00,0.250872
Chlorodinine,1,12/15/16 19:00,0.0910256
Chlorodinine,1,12/16/16 19:00,0.00159146
Chlorodinine,1,12/17/16 19:00,0.30057
Chlorodinine,1,12/18/16 19:00,0.279003
Chlorodinine,1,12/19/16 19:00,0.0209137
Chlorodinine,1,12/20/16 19:00,0.243055
Chlorodinine,1,12/21/16 19:00,0.0992389
Chlorodinine,1,12/22/16 19:00,0.553346
Chlorodinine,1,12/23/16 19:00,0.103094
Chlorodinine,1,12/24/16 19:00,0.0880471
Chlorodinine,1,12/25/16 19:00,0.554004
Chlorodinine,1,12/26/16 19:00,0.235536
Chlorodinine,1,12/27/16 19:00,0.202945
Chlorodinine,1,12/28/16 19:00,0.103816
Chlorodinine,1,12/29/16 19:00,0.306395
Chlorodinine,1,12/30/16 19:00,0.214049
Chlorodinine,1,12/31/16 19:00,0.373937
Chlorodinine,2,4/1/16 19:00,0.173896
Chlorodinine,2,4/2/16 19:00,0.339859
Chlorodinine,2,4/3/16 19:00,0.365446
Chlorodinine,2,4/4/16 19:00,0.0172083
Chlorodinine,2,4/5/16 19:00,0.262322
Chlorodinine,2,4/6/16 19:00,0.154539
Chlorodinine,2,4/7/16 19:00,0.542104
Chlorodinine,2,4/8/16 19:00,0.307426
Chlorodinine,2,4/9/16 19:00,0.161521
Chlorodinine,2,4/10/16 19:00,0.235189
Chlorodinine,2,4/11/16 19:00,0.00566677
Chlorodinine,2,4/12/16 19:00,0.0212264
Chlorodinine,2,4/13/16 19:00,0.867644
Chlorodinine,2,4/14/16 19:00,0.103368
Chlorodinine,2,4/15/16 19:00,0.115925
Chlorodinine,2,4/16/16 19:00,0.114673
Chlorodinine,2,4/17/16 19:00,0.18364
Chlorodinine,2,4/18/16 19:00,0.0567755
Chlorodinine,2,4/19/16 19:00,0.139876
Chlorodinine,2,4/20/16 19:00,0.502882
Chlorodinine,2,4/21/16 19:00,0.379679
Chlorodinine,2,4/22/16 19:00,0.408291
Chlorodinine,2,4/23/16 19:00,0.377049
Chlorodinine,2,4/24/16 19:00,0.372538
Chlorodinine,2,4/25/16 19:00,0.627735
Chlorodinine,2,4/26/16 19:00,0.429764
Chlorodinine,2,4/27/16 19:00,0.104565
Chlorodinine,2,4/28/16 19:00,0.0846683
Chlorodinine,2,4/29/16 19:00,0.319453
Chlorodinine,2,4/30/16 19:00,0.424013
Chlorodinine,2,8/1/16 19:00,0.826669
Chlorodinine,2,8/2/16 19:00,0.0866627
Chlorodinine,2,8/3/16 19:00,0.792754
Chlorodinine,2,8/4/16 19:00,0.809018
Chlorodinine,2,8/5/16 19:00,0.202615
Chlorodinine,2,8/6/16 19:00,0.588593
Chlorodinine,2,8/7/16 19:00,0.276706
Chlorodinine,2,8/8/16 19:00,0.0658423
Chlorodinine,2,8/9/16 19:00,0.712044
Chlorodinine,2,8/10/16 19:00,0.296069
Chlorodinine,2,8/11/16 19:00,0.345466
Chlorodinine,2,8/12/16 19:00,0.343456
Chlorodinine,2,8/13/16 19:00,0.21685
Chlorodinine,2,8/14/16 19:00,0.817239
Chlorodinine,2,8/15/16 19:00,0.384621
Chlorodinine,2,8/16/16 19:00,0.526228
Chlorodinine,2,8/17/16 19:00,0.245725
Chlorodinine,2,8/18/16 19:00,0.0330189
Chlorodinine,2,8/19/16 19:00,0.280387
Chlorodinine,2,8/20/16 19:00,0.232057
Chlorodinine,2,8/21/16 19:00,0.528066
Chlorodinine,2,8/22/16 19:00,0.167827
Chlorodinine,2,8/23/16 19:00,0.361021
Chlorodinine,2,8/24/16 19:00,0.0479643
Chlorodinine,2,8/25/16 19:00,0.247957
Chlorodinine,2,8/26/16 19:00,0.389179
Chlorodinine,2,8/27/16 19:00,0.0447029
Chlorodinine,2,8/28/16 19:00,0.0102552
Chlorodinine,2,8/29/16 19:00,0.140433
Chlorodinine,2,8/30/16 19:00,0.591102
Chlorodinine,2,8/31/16 19:00,0.41466
Chlorodinine,2,12/1/16 19:00,0.120955
Chlorodinine,2,12/2/16 19:00,0.172947
Chlorodinine,2,12/3/16 19:00,0.469996
Chlorodinine,2,12/4/16 19:00,0.562581
Chlorodinine,2,12/5/16 19:00,0.275535
Chlorodinine,2,12/6/16 19:00,0.0932684
Chlorodinine,2,12/7/16 19:00,0.245123
Chlorodinine,2,12/8/16 19:00,0.00958851
Chlorodinine,2,12/9/16 19:00,0.063557
Chlorodinine,2,12/10/16 19:00,0.238232
Chlorodinine,2,12/11/16 19:00,0.579663
Chlorodinine,2,12/12/16 19:00,0.0682997
Chlorodinine,2,12/13/16 19:00,0.898114
Chlorodinine,2,12/14/16 19:00,0.84507
Chlorodinine,2,12/15/16 19:00,0.598975
Chlorodinine,2,12/16/16 19:00,0.0020779
Chlorodinine,2,12/17/16 19:00,0.188593
Chlorodinine,2,12/18/16 19:00,0.0932863
Chlorodinine,2,12/19/16 19:00,0.254895
Chlorodinine,2,12/20/16 19:00,0.358701
Chlorodinine,2,12/21/16 19:00,0.119551
Chlorodinine,2,12/22/16 19:00,0.562611
Chlorodinine,2,12/23/16 19:00,0.086781
Chlorodinine,2,12/24/16 19:00,0.902079
Chlorodinine,2,12/25/16 19:00,0.0447596
Chlorodinine,2,12/26/16 19:00,0.0922713
Chlorodinine,2,12/27/16 19:00,0.426631
Chlorodinine,2,12/28/16 19:00,0.498255
Chlorodinine,2,12/29/16 19:00,0.0541628
Chlorodinine,2,12/30/16 19:00,0.508154
Chlorodinine,2,12/31/16 19:00,0.295014
Chlorodinine,3,4/1/16 19:00,1.83782
Chlorodinine,3,4/2/16 19:00,1.48195
Chlorodinine,3,4/3/16 19:00,0.10902
Chlorodinine,3,4/4/16 19:00,3.64468
Chlorodinine,3,4/5/16 19:00,0.64406
Chlorodinine,3,4/6/16 19:00,0.279346
Chlorodinine,3,4/7/16 19:00,3.11028
Chlorodinine,3,4/8/16 19:00,1.379
Chlorodinine,3,4/9/16 19:00,0.310064
Chlorodinine,3,4/10/16 19:00,1.09738
Chlorodinine,3,4/11/16 19:00,1.47175
Chlorodinine,3,4/12/16 19:00,1.20857
Chlorodinine,3,4/13/16 19:00,0.586435
Chlorodinine,3,4/14/16 19:00,3.51869
Chlorodinine,3,4/15/16 19:00,1.27812
Chlorodinine,3,4/16/16 19:00,0.724617
Chlorodinine,3,4/17/16 19:00,0.916387
Chlorodinine,3,4/18/16 19:00,0.294272
Chlorodinine,3,4/19/16 19:00,0.673255
Chlorodinine,3,4/20/16 19:00,1.45016
Chlorodinine,3,4/21/16 19:00,0.409522
Chlorodinine,3,4/22/16 19:00,0.79317
Chlorodinine,3,4/23/16 19:00,1.11591
Chlorodinine,3,4/24/16 19:00,0.0812496
Chlorodinine,3,4/25/16 19:00,0.415171
Chlorodinine,3,4/26/16 19:00,1.46607
Chlorodinine,3,4/27/16 19:00,1.86455
Chlorodinine,3,4/28/16 19:00,0.508694
Chlorodinine,3,4/29/16 19:00,0.954452
Chlorodinine,3,4/30/16 19:00,0.78064
Chlorodinine,3,8/1/16 19:00,1.38206
Chlorodinine,3,8/2/16 19:00,5.65382
Chlorodinine,3,8/3/16 19:00,0.159592
Chlorodinine,3,8/4/16 19:00,3.81709
Chlorodinine,3,8/5/16 19:00,2.67508
Chlorodinine,3,8/6/16 19:00,2.04618
Chlorodinine,3,8/7/16 19:00,1.32876
Chlorodinine,3,8/8/16 19:00,0.842707
Chlorodinine,3,8/9/16 19:00,1.00724
Chlorodinine,3,8/10/16 19:00,0.637231
Chlorodinine,3,8/11/16 19:00,0.453212
Chlorodinine,3,8/12/16 19:00,0.597367
Chlorodinine,3,8/13/16 19:00,1.13901
Chlorodinine,3,8/14/16 19:00,0.250147
Chlorodinine,3,8/15/16 19:00,5.13392
Chlorodinine,3,8/16/16 19:00,0.178973
Chlorodinine,3,8/17/16 19:00,1.09416
Chlorodinine,3,8/18/16 19:00,0.342048
Chlorodinine,3,8/19/16 19:00,0.631445
Chlorodinine,3,8/20/16 19:00,0.639113
Chlorodinine,3,8/21/16 19:00,0.159843
Chlorodinine,3,8/22/16 19:00,0.13694
Chlorodinine,3,8/23/16 19:00,1.6284
Chlorodinine,3,8/24/16 19:00,0.737988
Chlorodinine,3,8/25/16 19:00,0.718224
Chlorodinine,3,8/26/16 19:00,1.60161
Chlorodinine,3,8/27/16 19:00,0.244535
Chlorodinine,3,8/28/16 19:00,0.593567
Chlorodinine,3,8/29/16 19:00,1.17444
Chlorodinine,3,8/30/16 19:00,0.0401813
Chlorodinine,3,8/31/16 19:00,1.39319
Chlorodinine,3,12/1/16 19:00,0.137378
Chlorodinine,3,12/2/16 19:00,0.346045
Chlorodinine,3,12/3/16 19:00,0.635707
Chlorodinine,3,12/4/16 19:00,1.10157
Chlorodinine,3,12/5/16 19:00,1.05606
Chlorodinine,3,12/6/16 19:00,0.539811
Chlorodinine,3,12/7/16 19:00,1.6025
Chlorodinine,3,12/8/16 19:00,0.754997
Chlorodinine,3,12/9/16 19:00,1.28818
Chlorodinine,3,12/10/16 19:00,0.53703
Chlorodinine,3,12/11/16 19:00,0.362158
Chlorodinine,3,12/12/16 19:00,2.54118
Chlorodinine,3,12/13/16 19:00,1.31057
Chlorodinine,3,12/14/16 19:00,0.991412
Chlorodinine,3,12/15/16 19:00,0.765611
Chlorodinine,3,12/16/16 19:00,4.11764
Chlorodinine,3,12/17/16 19:00,1.47724
Chlorodinine,3,12/18/16 19:00,1.50651
Chlorodinine,3,12/19/16 19:00,0.191798
Chlorodinine,3,12/20/16 19:00,0.817076
Chlorodinine,3,12/21/16 19:00,0.997591
Chlorodinine,3,12/22/16 19:00,1.1768
Chlorodinine,3,12/23/16 19:00,1.78627
Chlorodinine,3,12/24/16 19:00,3.28233
Chlorodinine,3,12/25/16 19:00,2.27499
Chlorodinine,3,12/26/16 19:00,2.75834
Chlorodinine,3,12/27/16 19:00,0.713745
Chlorodinine,3,12/28/16 19:00,0.515607
Chlorodinine,3,12/29/16 19:00,0.85448
Chlorodinine,3,12/30/16 19:00,0.827382
Chlorodinine,3,12/31/16 19:00,1.33589
Chlorodinine,4,4/1/16 19:00,0.379155
Chlorodinine,4,4/2/16 19:00,0.360292
Chlorodinine,4,4/3/16 19:00,0.0468006
Chlorodinine,4,4/4/16 19:00,0.188116
Chlorodinine,4,4/5/16 19:00,0.415663
Chlorodinine,4,4/6/16 19:00,0.16684
Chlorodinine,4,4/7/16 19:00,0.0373764
Chlorodinine,4,4/8/16 19:00,0.116027
Chlorodinine,4,4/9/16 19:00,0.314463
Chlorodinine,4,4/10/16 19:00,0.305739
Chlorodinine,4,4/11/16 19:00,0.535111
Chlorodinine,4,4/12/16 19:00,0.0771546
Chlorodinine,4,4/13/16 19:00,0.591191
Chlorodinine,4,4/14/16 19:00,0.327006
Chlorodinine,4,4/15/16 19:00,0.387883
Chlorodinine,4,4/16/16 19:00,0.232775
Chlorodinine,4,4/17/16 19:00,0.247261
Chlorodinine,4,4/18/16 19:00,0.19191
Chlorodinine,4,4/19/16 19:00,0.305853
Chlorodinine,4,4/20/16 19:00,0.25036
Chlorodinine,4,4/21/16 19:00,0.149475
Chlorodinine,4,4/22/16 19:00,0.0927121
Chlorodinine,4,4/23/16 19:00,0.370038
Chlorodinine,4,4/24/16 19:00,0.0323479
Chlorodinine,4,4/25/16 19:00,0.559764
Chlorodinine,4,4/26/16 19:00,0.414592
Chlorodinine,4,4/27/16 19:00,0.573005
Chlorodinine,4,4/28/16 19:00,0.341158
Chlorodinine,4,4/29/16 19:00,0.275919
Chlorodinine,4,4/30/16 19:00,0.454023
Chlorodinine,4,8/1/16 19:00,0.886217
Chlorodinine,4,8/2/16 19:00,0.644372
Chlorodinine,4,8/3/16 19:00,1.32676
Chlorodinine,4,8/4/16 19:00,1.02827
Chlorodinine,4,8/5/16 19:00,1.06316
Chlorodinine,4,8/6/16 19:00,1.0771
Chlorodinine,4,8/7/16 19:00,0.915742
Chlorodinine,4,8/8/16 19:00,1.0111
Chlorodinine,4,8/9/16 19:00,1.06687
Chlorodinine,4,8/10/16 19:00,1.15694
Chlorodinine,4,8/11/16 19:00,0.949968
Chlorodinine,4,8/12/16 19:00,1.28537
Chlorodinine,4,8/13/16 19:00,0.801933
Chlorodinine,4,8/14/16 19:00,1.24417
Chlorodinine,4,8/15/16 19:00,1.24788
Chlorodinine,4,8/16/16 19:00,1.17569
Chlorodinine,4,8/17/16 19:00,1.20376
Chlorodinine,4,8/18/16 19:00,1.3577
Chlorodinine,4,8/19/16 19:00,0.88608
Chlorodinine,4,8/20/16 19:00,0.941054
Chlorodinine,4,8/21/16 19:00,1.2772
Chlorodinine,4,8/22/16 19:00,1.12161
Chlorodinine,4,8/23/16 19:00,1.0051
Chlorodinine,4,8/24/16 19:00,1.4549
Chlorodinine,4,8/25/16 19:00,1.30964
Chlorodinine,4,8/26/16 19:00,1.30863
Chlorodinine,4,8/27/16 19:00,1.13038
Chlorodinine,4,8/28/16 19:00,1.37748
Chlorodinine,4,8/29/16 19:00,1.20681
Chlorodinine,4,8/30/16 19:00,1.25391
Chlorodinine,4,8/31/16 19:00,1.27876
Chlorodinine,4,12/1/16 19:00,2.03216
Chlorodinine,4,12/2/16 19:00,1.97715
Chlorodinine,4,12/3/16 19:00,2.02841
Chlorodinine,4,12/4/16 19:00,1.91523
Chlorodinine,4,12/5/16 19:00,2.00095
Chlorodinine,4,12/6/16 19:00,1.79786
Chlorodinine,4,12/7/16 19:00,2.1099
Chlorodinine,4,12/8/16 19:00,1.70882
Chlorodinine,4,12/9/16 19:00,2.06051
Chlorodinine,4,12/10/16 19:00,1.92365
Chlorodinine,4,12/11/16 19:00,2.09311
Chlorodinine,4,12/12/16 19:00,2.01218
Chlorodinine,4,12/13/16 19:00,1.96155
Chlorodinine,4,12/14/16 19:00,1.94739
Chlorodinine,4,12/15/16 19:00,1.94254
Chlorodinine,4,12/16/16 19:00,2.08588
Chlorodinine,4,12/17/16 19:00,1.85464
Chlorodinine,4,12/18/16 19:00,2.05065
Chlorodinine,4,12/19/16 19:00,1.81829
Chlorodinine,4,12/20/16 19:00,1.89638
Chlorodinine,4,12/21/16 19:00,1.82467
Chlorodinine,4,12/22/16 19:00,2.41853
Chlorodinine,4,12/23/16 19:00,2.0084
Chlorodinine,4,12/24/16 19:00,1.98148
Chlorodinine,4,12/25/16 19:00,1.93069
Chlorodinine,4,12/26/16 19:00,2.06583
Chlorodinine,4,12/27/16 19:00,2.01271
Chlorodinine,4,12/28/16 19:00,1.84857
Chlorodinine,4,12/29/16 19:00,2.23966
Chlorodinine,4,12/30/16 19:00,2.33289
Chlorodinine,4,12/31/16 19:00,2.44523
Chlorodinine,5,4/1/16 19:00,0.122929
Chlorodinine,5,4/2/16 19:00,0.318765
Chlorodinine,5,4/3/16 19:00,0.233378
Chlorodinine,5,4/4/16 19:00,0.0410879
Chlorodinine,5,4/5/16 19:00,0.264012
Chlorodinine,5,4/6/16 19:00,0.208854
Chlorodinine,5,4/7/16 19:00,0.00184143
Chlorodinine,5,4/8/16 19:00,1.75824
Chlorodinine,5,4/9/16 19:00,0.404845
Chlorodinine,5,4/10/16 19:00,0.021432
Chlorodinine,5,4/11/16 19:00,0.679417
Chlorodinine,5,4/12/16 19:00,0.32964
Chlorodinine,5,4/13/16 19:00,0.171448
Chlorodinine,5,4/14/16 19:00,0.459067
Chlorodinine,5,4/15/16 19:00,0.218079
Chlorodinine,5,4/16/16 19:00,0.190435
Chlorodinine,5,4/17/16 19:00,0.292225
Chlorodinine,5,4/18/16 19:00,0.526571
Chlorodinine,5,4/19/16 19:00,0.236263
Chlorodinine,5,4/20/16 19:00,0.0545017
Chlorodinine,5,4/21/16 19:00,0.0735036
Chlorodinine,5,4/22/16 19:00,0.271838
Chlorodinine,5,4/23/16 19:00,0.577567
Chlorodinine,5,4/24/16 19:00,0.370912
Chlorodinine,5,4/25/16 19:00,0.0966151
Chlorodinine,5,4/26/16 19:00,0.0259424
Chlorodinine,5,4/27/16 19:00,0.384071
Chlorodinine,5,4/28/16 19:00,0.376066
Chlorodinine,5,4/29/16 19:00,0.3016
Chlorodinine,5,4/30/16 19:00,0.236809
Chlorodinine,5,8/1/16 19:00,0.341273
Chlorodinine,5,8/2/16 19:00,0.345386
Chlorodinine,5,8/3/16 19:00,0.622456
Chlorodinine,5,8/4/16 19:00,0.0627831
Chlorodinine,5,8/5/16 19:00,0.188875
Chlorodinine,5,8/6/16 19:00,0.495161
Chlorodinine,5,8/7/16 19:00,0.230103
Chlorodinine,5,8/8/16 19:00,0.897454
Chlorodinine,5,8/9/16 19:00,0.462917
Chlorodinine,5,8/10/16 19:00,0.392791
Chlorodinine,5,8/11/16 19:00,0.532493
Chlorodinine,5,8/12/16 19:00,0.435377
Chlorodinine,5,8/13/16 19:00,0.896217
Chlorodinine,5,8/14/16 19:00,0.369205
Chlorodinine,5,8/15/16 19:00,0.23745
Chlorodinine,5,8/16/16 19:00,0.115796
Chlorodinine,5,8/17/16 19:00,0.151791
Chlorodinine,5,8/18/16 19:00,0.809235
Chlorodinine,5,8/19/16 19:00,0.135421
Chlorodinine,5,8/20/16 19:00,0.230006
Chlorodinine,5,8/21/16 19:00,0.325948
Chlorodinine,5,8/22/16 19:00,0.352093
Chlorodinine,5,8/23/16 19:00,0.533193
Chlorodinine,5,8/24/16 19:00,0.589405
Chlorodinine,5,8/25/16 19:00,0.608019
Chlorodinine,5,8/26/16 19:00,0.702196
Chlorodinine,5,8/27/16 19:00,0.256864
Chlorodinine,5,8/28/16 19:00,0.200704
Chlorodinine,5,8/29/16 19:00,0.345984
Chlorodinine,5,8/30/16 19:00,0.0101345
Chlorodinine,5,8/31/16 19:00,0.485421
Chlorodinine,5,12/1/16 19:00,0.402005
Chlorodinine,5,12/2/16 19:00,0.0580495
Chlorodinine,5,12/3/16 19:00,0.0824585
Chlorodinine,5,12/4/16 19:00,0.38422
Chlorodinine,5,12/5/16 19:00,0.567168
Chlorodinine,5,12/6/16 19:00,0.403242
Chlorodinine,5,12/7/16 19:00,1.89226
Chlorodinine,5,12/8/16 19:00,0.299412
Chlorodinine,5,12/9/16 19:00,0.451926
Chlorodinine,5,12/10/16 19:00,1.39973
Chlorodinine,5,12/11/16 19:00,1.39024
Chlorodinine,5,12/12/16 19:00,0.668349
Chlorodinine,5,12/13/16 19:00,2.95487
Chlorodinine,5,12/14/16 19:00,0.0862665
Chlorodinine,5,12/15/16 19:00,0.387866
Chlorodinine,5,12/16/16 19:00,0.223411
Chlorodinine,5,12/17/16 19:00,1.24209
Chlorodinine,5,12/18/16 19:00,0.23008
Chlorodinine,5,12/19/16 19:00,0.626264
Chlorodinine,5,12/20/16 19:00,0.461046
Chlorodinine,5,12/21/16 19:00,0.649601
Chlorodinine,5,12/22/16 19:00,1.47446
Chlorodinine,5,12/23/16 19:00,0.791654
Chlorodinine,5,12/24/16 19:00,0.970483
Chlorodinine,5,12/25/16 19:00,0.0559746
Chlorodinine,5,12/26/16 19:00,0.273379
Chlorodinine,5,12/27/16 19:00,1.29135
Chlorodinine,5,12/28/16 19:00,0.584194
Chlorodinine,5,12/29/16 19:00,0.4145
Chlorodinine,5,12/30/16 19:00,0.16839
Chlorodinine,5,12/31/16 19:00,0.0194984
Chlorodinine,6,4/1/16 19:00,0.349918
Chlorodinine,6,4/2/16 19:00,0.406924
Chlorodinine,6,4/3/16 19:00,4.89996
Chlorodinine,6,4/4/16 19:00,0.249332
Chlorodinine,6,4/5/16 19:00,0.648663
Chlorodinine,6,4/6/16 19:00,0.266754
Chlorodinine,6,4/7/16 19:00,0.339553
Chlorodinine,6,4/8/16 19:00,0.12246
Chlorodinine,6,4/9/16 19:00,0.467403
Chlorodinine,6,4/10/16 19:00,0.31509
Chlorodinine,6,4/11/16 19:00,0.41566
Chlorodinine,6,4/12/16 19:00,0.44434
Chlorodinine,6,4/13/16 19:00,0.6624
Chlorodinine,6,4/14/16 19:00,0.674645
Chlorodinine,6,4/15/16 19:00,0.119176
Chlorodinine,6,4/16/16 19:00,0.649727
Chlorodinine,6,4/17/16 19:00,0.637179
Chlorodinine,6,4/18/16 19:00,0.45103
Chlorodinine,6,4/19/16 19:00,0.470309
Chlorodinine,6,4/20/16 19:00,0.456471
Chlorodinine,6,4/21/16 19:00,0.210791
Chlorodinine,6,4/22/16 19:00,0.19008
Chlorodinine,6,4/23/16 19:00,0.577334
Chlorodinine,6,4/24/16 19:00,0.321988
Chlorodinine,6,4/25/16 19:00,0.552317
Chlorodinine,6,4/26/16 19:00,0.520907
Chlorodinine,6,4/27/16 19:00,0.241746
Chlorodinine,6,4/28/16 19:00,0.513495
Chlorodinine,6,4/29/16 19:00,0.173311
Chlorodinine,6,4/30/16 19:00,0.342573
Chlorodinine,6,8/1/16 19:00,0.376345
Chlorodinine,6,8/2/16 19:00,0.333487
Chlorodinine,6,8/3/16 19:00,0.279277
Chlorodinine,6,8/4/16 19:00,0.538274
Chlorodinine,6,8/5/16 19:00,0.537556
Chlorodinine,6,8/6/16 19:00,2.81475
Chlorodinine,6,8/7/16 19:00,0.292423
Chlorodinine,6,8/8/16 19:00,0.809713
Chlorodinine,6,8/9/16 19:00,0.192345
Chlorodinine,6,8/10/16 19:00,0.370526
Chlorodinine,6,8/11/16 19:00,0.460719
Chlorodinine,6,8/12/16 19:00,0.118229
Chlorodinine,6,8/13/16 19:00,0.534528
Chlorodinine,6,8/14/16 19:00,0.129193
Chlorodinine,6,8/15/16 19:00,0.125355
Chlorodinine,6,8/16/16 19:00,0.272319
Chlorodinine,6,8/17/16 19:00,0.488305
Chlorodinine,6,8/18/16 19:00,0.915103
Chlorodinine,6,8/19/16 19:00,0.0737588
Chlorodinine,6,8/20/16 19:00,0.557565
Chlorodinine,6,8/21/16 19:00,0.278891
Chlorodinine,6,8/22/16 19:00,0.248049
Chlorodinine,6,8/23/16 19:00,0.633419
Chlorodinine,6,8/24/16 19:00,0.083793
Chlorodinine,6,8/25/16 19:00,0.673627
Chlorodinine,6,8/26/16 19:00,0.365629
Chlorodinine,6,8/27/16 19:00,0.688102
Chlorodinine,6,8/28/16 19:00,0.289672
Chlorodinine,6,8/29/16 19:00,0.740604
Chlorodinine,6,8/30/16 19:00,0.634177
Chlorodinine,6,8/31/16 19:00,0.425628
Chlorodinine,6,12/1/16 19:00,0.885525
Chlorodinine,6,12/2/16 19:00,0.299985
Chlorodinine,6,12/3/16 19:00,0.293059
Chlorodinine,6,12/4/16 19:00,0.598659
Chlorodinine,6,12/5/16 19:00,0.308037
Chlorodinine,6,12/6/16 19:00,0.202391
Chlorodinine,6,12/7/16 19:00,0.45488
Chlorodinine,6,12/8/16 19:00,0.724745
Chlorodinine,6,12/9/16 19:00,0.211078
Chlorodinine,6,12/10/16 19:00,0.340178
Chlorodinine,6,12/11/16 19:00,0.124765
Chlorodinine,6,12/12/16 19:00,0.225235
Chlorodinine,6,12/13/16 19:00,0.00397208
Chlorodinine,6,12/14/16 19:00,0.295995
Chlorodinine,6,12/15/16 19:00,0.202864
Chlorodinine,6,12/16/16 19:00,0.185183
Chlorodinine,6,12/17/16 19:00,0.219515
Chlorodinine,6,12/18/16 19:00,0.470895
Chlorodinine,6,12/19/16 19:00,4.49433
Chlorodinine,6,12/20/16 19:00,0.245896
Chlorodinine,6,12/21/16 19:00,0.118148
Chlorodinine,6,12/22/16 19:00,0.579452
Chlorodinine,6,12/23/16 19:00,0.575281
Chlorodinine,6,12/24/16 19:00,0.607576
Chlorodinine,6,12/25/16 19:00,0.176138
Chlorodinine,6,12/26/16 19:00,0.267327
Chlorodinine,6,12/27/16 19:00,0.247579
Chlorodinine,6,12/28/16 19:00,0.376222
Chlorodinine,6,12/29/16 19:00,0.542364
Chlorodinine,6,12/30/16 19:00,0.336487
Chlorodinine,6,12/31/16 19:00,0.688491
Chlorodinine,7,4/1/16 19:00,1.89336
Chlorodinine,7,4/2/16 19:00,0.256642
Chlorodinine,7,4/3/16 19:00,0.740093
Chlorodinine,7,4/4/16 19:00,0.906336
Chlorodinine,7,4/5/16 19:00,0.989942
Chlorodinine,7,4/6/16 19:00,0.538062
Chlorodinine,7,4/7/16 19:00,0.0308357
Chlorodinine,7,4/8/16 19:00,0.419745
Chlorodinine,7,4/9/16 19:00,2.02026
Chlorodinine,7,4/10/16 19:00,0.277081
Chlorodinine,7,4/11/16 19:00,0.993681
Chlorodinine,7,4/12/16 19:00,0.74751
Chlorodinine,7,4/13/16 19:00,0.167044
Chlorodinine,7,4/14/16 19:00,0.159187
Chlorodinine,7,4/15/16 19:00,1.05296
Chlorodinine,7,4/16/16 19:00,0.404322
Chlorodinine,7,4/17/16 19:00,0.677968
Chlorodinine,7,4/18/16 19:00,0.794339
Chlorodinine,7,4/19/16 19:00,0.103944
Chlorodinine,7,4/20/16 19:00,0.0582987
Chlorodinine,7,4/21/16 19:00,1.25349
Chlorodinine,7,4/22/16 19:00,0.0773694
Chlorodinine,7,4/23/16 19:00,1.31595
Chlorodinine,7,4/24/16 19:00,0.565467
Chlorodinine,7,4/25/16 19:00,1.10891
Chlorodinine,7,4/26/16 19:00,0.120688
Chlorodinine,7,4/27/16 19:00,1.33948
Chlorodinine,7,4/28/16 19:00,0.802913
Chlorodinine,7,4/29/16 19:00,0.471188
Chlorodinine,7,4/30/16 19:00,0.130071
Chlorodinine,7,8/1/16 19:00,0.0862216
Chlorodinine,7,8/2/16 19:00,0.425048
Chlorodinine,7,8/3/16 19:00,0.277162
Chlorodinine,7,8/4/16 19:00,0.060242
Chlorodinine,7,8/5/16 19:00,0.474859
Chlorodinine,7,8/6/16 19:00,0.597526
Chlorodinine,7,8/7/16 19:00,0.339889
Chlorodinine,7,8/8/16 19:00,0.0100877
Chlorodinine,7,8/9/16 19:00,1.426
Chlorodinine,7,8/10/16 19:00,0.626333
Chlorodinine,7,8/11/16 19:00,1.11983
Chlorodinine,7,8/12/16 19:00,0.200758
Chlorodinine,7,8/13/16 19:00,1.51153
Chlorodinine,7,8/14/16 19:00,0.175138
Chlorodinine,7,8/15/16 19:00,0.814554
Chlorodinine,7,8/16/16 19:00,0.361754
Chlorodinine,7,8/17/16 19:00,0.0154762
Chlorodinine,7,8/18/16 19:00,0.664748
Chlorodinine,7,8/19/16 19:00,0.0287254
Chlorodinine,7,8/20/16 19:00,0.232166
Chlorodinine,7,8/21/16 19:00,0.143323
Chlorodinine,7,8/22/16 19:00,1.68736
Chlorodinine,7,8/23/16 19:00,1.48325
Chlorodinine,7,8/24/16 19:00,0.0215547
Chlorodinine,7,8/25/16 19:00,0.854505
Chlorodinine,7,8/26/16 19:00,0.83777
Chlorodinine,7,8/27/16 19:00,0.673557
Chlorodinine,7,8/28/16 19:00,0.0372297
Chlorodinine,7,8/29/16 19:00,0.620401
Chlorodinine,7,8/30/16 19:00,0.221887
Chlorodinine,7,8/31/16 19:00,0.107269
Chlorodinine,7,12/1/16 19:00,0.932372
Chlorodinine,7,12/2/16 19:00,0.194598
Chlorodinine,7,12/3/16 19:00,0.163878
Chlorodinine,7,12/4/16 19:00,0.0866797
Chlorodinine,7,12/5/16 19:00,0.312443
Chlorodinine,7,12/6/16 19:00,1.22689
Chlorodinine,7,12/7/16 19:00,1.69669
Chlorodinine,7,12/8/16 19:00,0.261157
Chlorodinine,7,12/9/16 19:00,0.910512
Chlorodinine,7,12/10/16 19:00,0.267594
Chlorodinine,7,12/11/16 19:00,0.107069
Chlorodinine,7,12/12/16 19:00,0.0567179
Chlorodinine,7,12/13/16 19:00,0.277808
Chlorodinine,7,12/14/16 19:00,0.986845
Chlorodinine,7,12/15/16 19:00,0.443394
Chlorodinine,7,12/16/16 19:00,0.203835
Chlorodinine,7,12/17/16 19:00,1.51153
Chlorodinine,7,12/18/16 19:00,0.490627
Chlorodinine,7,12/19/16 19:00,0.589024
Chlorodinine,7,12/20/16 19:00,0.331159
Chlorodinine,7,12/21/16 19:00,0.0743678
Chlorodinine,7,12/22/16 19:00,0.891167
Chlorodinine,7,12/23/16 19:00,0.892107
Chlorodinine,7,12/24/16 19:00,0.320617
Chlorodinine,7,12/25/16 19:00,0.469054
Chlorodinine,7,12/26/16 19:00,0.157715
Chlorodinine,7,12/27/16 19:00,1.08156
Chlorodinine,7,12/28/16 19:00,0.315138
Chlorodinine,7,12/29/16 19:00,0.19753
Chlorodinine,7,12/30/16 19:00,0.364815
Chlorodinine,7,12/31/16 19:00,1.91927
Chlorodinine,8,4/1/16 19:00,0.374754
Chlorodinine,8,4/2/16 19:00,0.135111
Chlorodinine,8,4/3/16 19:00,0.722741
Chlorodinine,8,4/4/16 19:00,0.956769
Chlorodinine,8,4/5/16 19:00,0.0129042
Chlorodinine,8,4/6/16 19:00,0.310945
Chlorodinine,8,4/7/16 19:00,0.262633
Chlorodinine,8,4/8/16 19:00,0.386549
Chlorodinine,8,4/9/16 19:00,0.162616
Chlorodinine,8,4/10/16 19:00,0.152689
Chlorodinine,8,4/11/16 19:00,0.37724
Chlorodinine,8,4/12/16 19:00,0.0226185
Chlorodinine,8,4/13/16 19:00,0.133966
Chlorodinine,8,4/14/16 19:00,0.58694
Chlorodinine,8,4/15/16 19:00,0.121704
Chlorodinine,8,4/16/16 19:00,0.119044
Chlorodinine,8,4/17/16 19:00,0.0545757
Chlorodinine,8,4/18/16 19:00,0.653901
Chlorodinine,8,4/19/16 19:00,0.592952
Chlorodinine,8,4/20/16 19:00,0.877026
Chlorodinine,8,4/21/16 19:00,0.0755187
Chlorodinine,8,4/22/16 19:00,0.469208
Chlorodinine,8,4/23/16 19:00,0.919137
Chlorodinine,8,4/24/16 19:00,0.0361248
Chlorodinine,8,4/25/16 19:00,0.305321
Chlorodinine,8,4/26/16 19:00,0.5124
Chlorodinine,8,4/27/16 19:00,0.828981
Chlorodinine,8,4/28/16 19:00,0.12353
Chlorodinine,8,4/29/16 19:00,0.905448
Chlorodinine,8,4/30/16 19:00,1.16737
Chlorodinine,8,8/1/16 19:00,0.565911
Chlorodinine,8,8/2/16 19:00,0.438784
Chlorodinine,8,8/3/16 19:00,0.687851
Chlorodinine,8,8/4/16 19:00,0.293857
Chlorodinine,8,8/5/16 19:00,0.339783
Chlorodinine,8,8/6/16 19:00,0.534741
Chlorodinine,8,8/7/16 19:00,0.02171
Chlorodinine,8,8/8/16 19:00,0.0892099
Chlorodinine,8,8/9/16 19:00,0.0587118
Chlorodinine,8,8/10/16 19:00,0.274069
Chlorodinine,8,8/11/16 19:00,0.480012
Chlorodinine,8,8/12/16 19:00,1.23927
Chlorodinine,8,8/13/16 19:00,0.260716
Chlorodinine,8,8/14/16 19:00,0.325213
Chlorodinine,8,8/15/16 19:00,0.792733
Chlorodinine,8,8/16/16 19:00,0.0276781
Chlorodinine,8,8/17/16 19:00,0.824763
Chlorodinine,8,8/18/16 19:00,0.311258
Chlorodinine,8,8/19/16 19:00,0.706358
Chlorodinine,8,8/20/16 19:00,0.35118
Chlorodinine,8,8/21/16 19:00,0.361001
Chlorodinine,8,8/22/16 19:00,0.264741
Chlorodinine,8,8/23/16 19:00,0.145575
Chlorodinine,8,8/24/16 19:00,0.693188
Chlorodinine,8,8/25/16 19:00,0.304229
Chlorodinine,8,8/26/16 19:00,0.68331
Chlorodinine,8,8/27/16 19:00,0.0163076
Chlorodinine,8,8/28/16 19:00,1.06666
Chlorodinine,8,8/29/16 19:00,0.348991
Chlorodinine,8,8/30/16 19:00,0.350193
Chlorodinine,8,8/31/16 19:00,0.187211
Chlorodinine,8,12/1/16 19:00,0.837174
Chlorodinine,8,12/2/16 19:00,1.0568
Chlorodinine,8,12/3/16 19:00,0.544563
Chlorodinine,8,12/4/16 19:00,0.554374
Chlorodinine,8,12/5/16 19:00,0.141002
Chlorodinine,8,12/6/16 19:00,0.119137
Chlorodinine,8,12/7/16 19:00,0.715338
Chlorodinine,8,12/8/16 19:00,0.480544
Chlorodinine,8,12/9/16 19:00,0.577285
Chlorodinine,8,12/10/16 19:00,0.521887
Chlorodinine,8,12/11/16 19:00,0.403748
Chlorodinine,8,12/12/16 19:00,0.66829
Chlorodinine,8,12/13/16 19:00,0.462105
Chlorodinine,8,12/14/16 19:00,0.991655
Chlorodinine,8,12/15/16 19:00,0.526768
Chlorodinine,8,12/16/16 19:00,0.0545757
Chlorodinine,8,12/17/16 19:00,1.15851
Chlorodinine,8,12/18/16 19:00,0.194595
Chlorodinine,8,12/19/16 19:00,0.278818
Chlorodinine,8,12/20/16 19:00,0.484544
Chlorodinine,8,12/21/16 19:00,0.0439644
Chlorodinine,8,12/22/16 19:00,0.153097
Chlorodinine,8,12/23/16 19:00,0.563642
Chlorodinine,8,12/24/16 19:00,0.0104095
Chlorodinine,8,12/25/16 19:00,0.171174
Chlorodinine,8,12/26/16 19:00,0.688604
Chlorodinine,8,12/27/16 19:00,0.657091
Chlorodinine,8,12/28/16 19:00,0.0420435
Chlorodinine,8,12/29/16 19:00,0.560325
Chlorodinine,8,12/30/16 19:00,0.724481
Chlorodinine,8,12/31/16 19:00,0.752272
Chlorodinine,9,4/1/16 19:00,0.346534
Chlorodinine,9,4/2/16 19:00,0.591179
Chlorodinine,9,4/3/16 19:00,0.300865
Chlorodinine,9,4/4/16 19:00,0.125083
Chlorodinine,9,4/5/16 19:00,0.20368
Chlorodinine,9,4/6/16 19:00,0.25628
Chlorodinine,9,4/7/16 19:00,0.0081903
Chlorodinine,9,4/8/16 19:00,0.385578
Chlorodinine,9,4/9/16 19:00,0.580836
Chlorodinine,9,4/10/16 19:00,0.158119
Chlorodinine,9,4/11/16 19:00,0.133374
Chlorodinine,9,4/12/16 19:00,0.172288
Chlorodinine,9,4/13/16 19:00,0.285463
Chlorodinine,9,4/14/16 19:00,0.179686
Chlorodinine,9,4/15/16 19:00,0.28359
Chlorodinine,9,4/16/16 19:00,0.206879
Chlorodinine,9,4/17/16 19:00,0.283556
Chlorodinine,9,4/18/16 19:00,0.00121584
Chlorodinine,9,4/19/16 19:00,0.183957
Chlorodinine,9,4/20/16 19:00,0.175667
Chlorodinine,9,4/21/16 19:00,0.140466
Chlorodinine,9,4/22/16 19:00,0.512243
Chlorodinine,9,4/23/16 19:00,0.0383964
Chlorodinine,9,4/24/16 19:00,0.293752
Chlorodinine,9,4/25/16 19:00,0.0653757
Chlorodinine,9,4/26/16 19:00,0.0477019
Chlorodinine,9,4/27/16 19:00,0.0998987
Chlorodinine,9,4/28/16 19:00,0.26213
Chlorodinine,9,4/29/16 19:00,0.296992
Chlorodinine,9,4/30/16 19:00,0.164402
Chlorodinine,9,8/1/16 19:00,0.0217572
Chlorodinine,9,8/2/16 19:00,0.042581
Chlorodinine,9,8/3/16 19:00,0.112841
Chlorodinine,9,8/4/16 19:00,0.302205
Chlorodinine,9,8/5/16 19:00,0.311846
Chlorodinine,9,8/6/16 19:00,0.0032466
Chlorodinine,9,8/7/16 19:00,0.00702646
Chlorodinine,9,8/8/16 19:00,0.247544
Chlorodinine,9,8/9/16 19:00,0.338002
Chlorodinine,9,8/10/16 19:00,0.47718
Chlorodinine,9,8/11/16 19:00,0.0778601
Chlorodinine,9,8/12/16 19:00,0.470883
Chlorodinine,9,8/13/16 19:00,0.402402
Chlorodinine,9,8/14/16 19:00,0.594655
Chlorodinine,9,8/15/16 19:00,0.0330571
Chlorodinine,9,8/16/16 19:00,0.32643
Chlorodinine,9,8/17/16 19:00,0.0653373
Chlorodinine,9,8/18/16 19:00,0.146326
Chlorodinine,9,8/19/16 19:00,0.431018
Chlorodinine,9,8/20/16 19:00,0.145465
Chlorodinine,9,8/21/16 19:00,0.0114693
Chlorodinine,9,8/22/16 19:00,0.119854
Chlorodinine,9,8/23/16 19:00,0.680687
Chlorodinine,9,8/24/16 19:00,0.40795
Chlorodinine,9,8/25/16 19:00,1.77785
Chlorodinine,9,8/26/16 19:00,0.0766077
Chlorodinine,9,8/27/16 19:00,0.0154241
Chlorodinine,9,8/28/16 19:00,0.345674
Chlorodinine,9,8/29/16 19:00,0.416236
Chlorodinine,9,8/30/16 19:00,0.11881
Chlorodinine,9,8/31/16 19:00,0.436499
Chlorodinine,9,12/1/16 19:00,0.23571
Chlorodinine,9,12/2/16 19:00,0.51433
Chlorodinine,9,12/3/16 19:00,0.107663
Chlorodinine,9,12/4/16 19:00,0.0899398
Chlorodinine,9,12/5/16 19:00,0.982878
Chlorodinine,9,12/6/16 19:00,1.38045
Chlorodinine,9,12/7/16 19:00,0.0341675
Chlorodinine,9,12/8/16 19:00,0.468765
Chlorodinine,9,12/9/16 19:00,0.825093
Chlorodinine,9,12/10/16 19:00,0.518602
Chlorodinine,9,12/11/16 19:00,0.99863
Chlorodinine,9,12/12/16 19:00,0.742203
Chlorodinine,9,12/13/16 19:00,0.425638
Chlorodinine,9,12/14/16 19:00,0.665472
Chlorodinine,9,12/15/16 19:00,0.430721
Chlorodinine,9,12/16/16 19:00,0.32954
Chlorodinine,9,12/17/16 19:00,1.54667
Chlorodinine,9,12/18/16 19:00,1.06301
Chlorodinine,9,12/19/16 19:00,0.13747
Chlorodinine,9,12/20/16 19:00,1.07083
Chlorodinine,9,12/21/16 19:00,0.334854
Chlorodinine,9,12/22/16 19:00,1.06327
Chlorodinine,9,12/23/16 19:00,0.187767
Chlorodinine,9,12/24/16 19:00,0.611447
Chlorodinine,9,12/25/16 19:00,0.644073
Chlorodinine,9,12/26/16 19:00,0.598363
Chlorodinine,9,12/27/16 19:00,1.11573
Chlorodinine,9,12/28/16 19:00,0.582481
Chlorodinine,9,12/29/16 19:00,0.431846
Chlorodinine,9,12/30/16 19:00,0.723453
Chlorodinine,9,12/31/16 19:00,0.127357
